delivery_id,delivery_person,delivery_last_name,delivery_first_name,no_ofCancelled_delivery,no_ofCompleted_delivery,ratingOfDeliveryPerson,region,rest_id
6068603865,M,Sandry,Edan,8,6,4,B,7088291509
8281849983,M,Mold,Darb,4,2,7,E,3129980008
8906269862,F,Radeliffe,Agnola,8,6,8,B,1961937077
9645547164,F,Fevers,Karol,4,8,6,A,1860589715
8126754176,M,Tranfield,Fredrick,7,0,6,C,1403544808
2274980640,F,Schwandner,Tildy,8,2,0,C,3154721169
8205434867,F,Murley,Jolyn,8,2,6,B,8953259487
2360233157,M,Guirau,Werner,5,3,1,C,4054633161
5051644104,M,Lazare,Tony,2,3,4,D,3031086716
5605805231,M,Santon,Alfonse,1,9,1,C,885668898
937135704,M,Geraldez,Tirrell,0,0,2,E,524290733
9660487630,M,Pollastro,Rodrick,6,0,5,D,6178142781
1592248667,M,Knifton,Ellswerth,1,6,5,B,9802430625
3946236731,F,Vinker,Jolie,2,6,0,C,2876428296
9125835459,F,Creeboe,Amalee,8,8,3,E,7069022085
3363849990,M,Stirley,Padriac,9,9,3,A,7052705389
8224734293,M,De Coursey,Sigismund,5,6,4,B,7493887683
9802936200,M,O'Shiels,Paxon,9,7,4,D,9150888838
980713412,F,Learmount,Cissiee,4,8,1,A,1152940457
1489834389,M,Frounks,Dell,5,1,0,A,8127310468
5900712176,M,Asser,Lammond,3,0,6,C,2533496456
8276920543,M,Brent,Randolph,4,7,9,B,9835782288
6312251322,F,Bauchop,Auroora,0,3,2,C,9825545380
3761903979,M,Adney,Tracey,2,9,4,C,3337394833
9980169613,M,Ballingal,Frants,2,4,6,B,2364225833
7238325020,M,Kamienski,Howey,5,0,9,A,6815553809
6360628260,M,Starking,Art,9,3,0,C,2765538824
6812538418,F,De Gouy,Carolan,0,1,1,D,2359405179
823741419,F,Tedorenko,Rosabella,0,0,0,D,9189835530
3563682836,M,Saltmarshe,Vinnie,6,7,6,C,6136271338
820819131,M,Antyshev,Markos,6,4,7,B,3630664989
9365137780,M,Sukbhans,Desmund,1,8,1,B,3325062601
7473087541,M,Pude,Barri,0,6,6,E,9360291102
6470315593,F,Coast,Mandi,1,3,1,E,5003586736
9138627566,F,Ferreira,Juliette,7,7,3,C,6695812144
7731160491,M,Sommerville,Brian,5,5,6,A,238984419
3106552379,M,Lamden,Vinson,3,8,4,D,8803410627
3336934982,F,Crust,Edythe,8,6,1,E,2709077051
8082157461,F,Frugier,Starr,7,7,7,A,2217341308
5932489227,M,Bunce,Brewer,2,2,4,B,6826338963
8863798125,F,Brewis,Bree,9,6,7,A,1958807060
4768005543,M,McKie,Christoffer,9,8,3,A,2856653502
3970435382,M,Groombridge,Griz,1,4,6,A,7578653318
7548246951,F,Skin,Hyacintha,0,6,7,A,7145372762
1108338267,F,Spreag,Ulrika,0,3,3,C,275570975
4442780684,M,Varker,Conant,3,5,0,B,657508101
1980381364,M,Margeram,Kiel,2,2,2,A,6941482168
7088606755,F,Sambells,Easter,0,2,5,A,9810211376
5463505764,F,Sharland,Ardenia,8,9,7,E,4900396583
9211799201,M,Brusle,Bob,4,5,9,A,4783642389
3777820903,F,Nockells,Elfreda,0,2,3,B,2153847419
9976717385,F,Angrave,Arda,5,3,5,E,1408186470
7790724509,M,Ciccottini,Vail,1,2,0,E,8464757875
6345324264,F,Walker,Pamela,7,7,1,B,9618475689
9747031248,F,Earwicker,Ula,4,9,6,E,4770845634
448417839,M,Ramelet,Sansone,2,6,6,B,3477648331
3319052195,F,Grenville,Perry,9,4,0,B,5398045229
4104426881,F,Dossettor,Robinia,6,3,7,B,4096297674
365391638,M,Wapples,Raddy,5,9,2,C,1285900693
6854560357,M,Antoniat,Michail,5,7,9,B,400953196
2486005048,F,Hundey,Reiko,9,7,7,A,5333532265
3609661348,F,Rake,Bamby,8,4,7,E,9638981180
1502150832,F,Byles,Bianca,2,7,6,D,5202644779
3310783774,M,Shackleton,Welby,1,1,4,A,4739405954
1254354239,F,Bernini,Alfie,7,5,3,D,9674195599
3868161341,M,Bedson,Ellary,9,3,5,A,5698515433
5861230633,M,Gilvear,Brandon,2,0,4,E,4945674329
6775521367,F,Brugh,Gratiana,0,4,3,C,9736819345
4826501447,F,Granger,Hermina,7,9,0,B,5390743636
7515086602,M,Fardell,Etan,5,6,1,D,6154492952
5149530549,M,Paddell,Kristoffer,3,2,1,E,9246199529
4837046231,M,Guy,Seymour,8,7,0,C,5793594388
8692434108,F,Killingbeck,Venita,0,3,8,A,7751483911
8109816401,F,MacHarg,Cher,9,6,4,B,7059819924
3777342270,F,Garlant,Francine,1,2,2,C,5742845170
4767690439,F,Boon,Anabella,7,7,8,A,6784840283
5227239592,F,Henryson,Sheelagh,9,5,5,A,7992451325
346617049,F,Burgane,Marcille,2,1,6,A,1932943269
5536784056,F,Abella,Querida,1,4,8,E,7797791759
8584271783,M,Dougharty,Gallagher,4,4,3,E,2517444714
9411498574,M,Calles,Hadrian,4,7,9,A,6339451071
3339707006,M,Mauditt,Gherardo,8,5,6,C,6625474916
9361190830,M,Littledike,Tristan,7,7,3,C,4068953236
1564618102,M,Shakeshaft,Sayre,3,3,3,D,6762891020
9229104221,F,Langstrath,Flora,5,5,3,A,2363016653
836010302,M,Lutzmann,Thurstan,3,2,9,C,4706502047
4288136946,M,Adamo,Dickie,5,8,4,C,3898498115
9730558485,M,Eaglestone,Rowney,5,7,5,C,5697772068
6465805367,F,Willers,Kirsti,8,9,2,C,9304516528
7217507332,M,Beggan,Nester,1,1,3,E,9822696019
9416747505,F,Lathy,Danyette,2,4,0,C,9216816635
5269666537,M,Pentony,Gallagher,5,8,6,B,8133133521
5720563601,F,Fendlow,Genovera,6,3,7,D,3691483011
674123425,M,Girardy,Amery,4,6,4,E,9481752402
3789457310,F,Barradell,Orelle,1,5,2,C,4284273000
5535446432,M,Sauvage,Kory,4,1,2,E,5597836781
4830846062,M,Wooton,Zane,1,6,3,B,5333278539
2540931227,M,Studeart,Haskell,4,6,9,D,4265891713
4065380596,M,Pullan,Eal,7,3,5,A,5867018784
8618290459,F,Clemendet,Elga,8,9,1,C,1412707250
8183453554,F,Bottlestone,Amelia,2,8,3,C,9488744650
9264822046,M,Bauldry,Sean,2,0,1,E,6977135603
1418358177,F,Josskowitz,Wilhelmina,2,0,7,C,6612106905
1001463293,F,Tomblett,Mignonne,4,5,3,D,8578521072
6983380177,M,Yurkevich,Alon,3,7,3,D,2382231602
2204571407,M,Mourbey,Inger,4,2,5,B,9184451378
6954067466,F,Batstone,Elnora,0,9,9,B,2339515009
1645880346,F,Massard,Jamima,9,6,8,C,9239292780
7958803648,M,Rubenov,Camey,2,8,1,C,1582380163
9247620554,F,Mynett,Inesita,8,7,1,D,6265256505
1112915966,F,Rivalant,Cindra,3,7,5,A,8021279907
4127806125,F,McGuirk,Jaquelin,7,7,7,C,8968803587
4890107584,F,Allerton,Alvina,2,7,4,B,7543070014
5436090842,M,Kopec,Howie,7,4,8,C,6403552937
9780934723,F,Bewsey,Olivia,4,4,0,D,1514329565
9815154591,F,Blaszczak,Kathrine,8,8,0,C,3764710993
8096769804,M,Keson,Virgilio,7,1,6,D,4731209773
9880638484,M,Prugel,Liam,9,7,2,A,7652046785
6383564986,M,Tingcomb,Sherwin,7,5,5,B,1122338309
1612111920,F,Seeking,Olia,9,6,3,B,77650425
8407408247,F,Rubinowitch,Sula,1,2,9,E,8190176986
743723198,F,Scourfield,Faythe,4,5,1,A,4435397579
7577549843,F,Rickeard,Olva,0,7,2,B,2430611503
8336438351,M,Beckett,Lee,8,0,7,E,5167928966
768608090,M,Issac,Raphael,6,3,1,D,4436167070
122056612,F,Vynarde,Melisse,4,0,0,E,1107981727
1080223266,M,Bugby,Guglielmo,8,4,3,D,1017153930
8005299702,F,Paver,Poppy,0,3,7,A,6983504488
6869120897,M,Soanes,Cash,5,4,7,A,6443465393
8512670541,F,Duce,Krystyna,1,3,3,D,4368960432
4438549930,M,Sanford,Curt,3,5,2,A,1866997017
3790840696,M,Barlace,Bayard,9,3,0,C,7839564828
8895683579,F,Jeffray,Jackqueline,9,0,3,B,4202055187
1135508178,F,Moreton,Elyssa,2,0,0,D,6126904273
6490911531,F,Dawidsohn,Cathy,4,8,3,A,8941825881
5004231362,M,MacCombe,Desmond,5,1,4,C,7953055686
9172466855,M,Gobel,Morey,3,4,8,A,6845538417
2043112287,F,Bromhead,Cordy,5,9,3,A,6184073389
175511624,M,Lorincz,Barnard,7,5,8,C,6811611618
1437463959,F,Longbone,Constantina,3,0,5,E,7194981718
6984106850,F,Mordanti,Glad,0,7,4,D,2975961804
8283624059,M,Rich,Jammal,5,0,2,D,7376407472
5218714879,F,Skeats,Mufi,8,7,2,A,125582366
8595593396,F,Eburne,Roxanna,6,8,3,E,8025385442
246846690,M,Matusiak,Ruggiero,9,4,4,A,8968540144
8608767503,F,Josey,Muffin,3,6,2,E,1407086502
363811222,M,Huster,Boonie,4,0,7,A,60082437
4810057542,F,Allix,Tasia,6,6,4,B,1482842319
5926934850,F,Turley,Jacinda,8,6,4,D,618904131
2629934373,M,Riggs,Jess,1,5,8,D,7963798088
1733964932,M,Tyler,Vincenz,2,6,4,E,5602048375
9273102158,F,Pettigrew,Lanni,2,5,2,C,9333359974
8247822776,M,Thraves,Brent,0,6,8,A,2647800251
4737621307,M,Kerss,Welby,9,8,2,E,8898081456
1600652085,M,Haggath,Daron,0,1,9,E,5058179067
5108516304,F,Flower,Maybelle,7,8,8,E,2276780983
4476787797,M,Marusik,Thorpe,4,4,5,D,1702505596
7491848346,M,Domesday,Koenraad,4,4,4,D,9181869150
1343186315,M,Just,Yankee,5,8,1,A,5268965379
7647037129,F,Margram,Maisey,4,0,5,B,9355447256
1547902086,M,Brunesco,Miller,7,5,4,B,6278991284
8681236660,M,Veale,Godfry,2,1,7,A,68847157
3806088543,M,Tandey,Allistir,9,3,6,D,6821819289
7301633548,M,Zanelli,Jacky,0,7,0,C,3218128560
5670063384,F,Bridson,Letizia,0,3,1,C,6960094631
6332238364,F,Cosh,Madelyn,6,4,3,E,7801502825
6534683601,M,Higgen,Parry,3,6,0,A,9155413994
4324132240,F,Quarless,Bria,5,6,6,A,4374292209
7851212227,M,Easbie,Hube,6,9,0,E,1226328458
1231373350,F,Jaycock,Ertha,2,1,1,A,1921834536
1567665314,M,Yanyshev,Archaimbaud,8,7,5,A,5268413090
3864955882,F,Senecaut,Margareta,4,2,2,B,78903300
8330864235,M,Cushelly,Ezra,5,4,4,E,4508897894
3019311969,F,Defew,Georgeanna,5,6,8,E,4110634830
2006787063,F,Glass,Brita,5,5,1,B,9628184431
4585627200,F,Rosenberger,Grace,6,1,2,E,6504616205
484508423,M,Stuckley,Noak,3,8,8,B,5796044931
6673577541,F,Burnitt,Amelina,2,1,8,C,4016832977
8128339664,F,Hughland,Berty,4,9,0,B,2292898950
7030222008,M,Oosthout de Vree,Ephrayim,8,8,7,C,8221528587
9388440544,F,McCart,Mariette,9,3,6,A,9193806663
9967311215,M,Jumel,Hagen,8,6,6,E,7650820106
8734133682,M,Priddey,Aland,6,1,4,D,3240380366
6013267391,M,Siddens,Devlin,9,5,8,D,837824478
6155233411,F,Huortic,Roanna,0,3,5,A,3045019730
933484828,M,Cogley,Oates,4,2,4,E,4191531190
7299760797,F,Derill,Dot,1,4,4,E,4809800512
5243351342,F,Gages,Bonnibelle,5,9,1,D,7492504632
8187743441,F,Chiplen,Daune,6,9,8,D,6646469202
5545797831,M,Rushsorth,Ellswerth,9,7,0,E,4155457237
7989271567,M,Tesche,Napoleon,9,9,2,D,9877625350
148525806,M,Gayforth,Ignacius,8,5,3,E,1685198910
1263008887,M,Roby,Ali,0,7,9,C,7584543073
2657731910,F,Leathard,Deloria,3,0,6,A,7521011287
7235100338,M,Trattles,Mord,3,0,7,C,7938559733
4365217747,F,Mattson,Frances,9,3,2,E,9445979605
8821897516,M,Paynton,York,0,9,1,A,168337967
6149336050,F,Ellerington,Fernande,7,4,1,E,928048039
76268926,M,Axten,Iain,0,4,8,A,85599905
8606603333,F,Antonutti,Annabelle,6,5,4,C,8205027862
2387951530,F,Thickpenny,Kerry,1,7,9,C,6818471676
4825342566,M,Winter,Reggie,2,5,4,A,4947041765
1156275717,M,Badcock,Giusto,0,8,5,D,5788592518
7982646468,M,Biasotti,Jedediah,3,2,1,A,1038892759
2217195182,M,Ondrus,Alexandre,7,5,4,B,4920981511
5883201016,F,Woodage,Katerina,7,9,5,A,9448476221
5808835682,M,Bonner,Tomkin,9,1,5,A,6665247821
1728800587,F,Piburn,Cora,5,4,0,B,1763693511
7003488930,F,Gierardi,Ilyse,3,2,7,C,8385903275
8875405255,F,Drewell,Sophie,0,7,7,B,2340375193
4132700380,M,Beals,Cristobal,7,7,3,D,8287620910
8717361249,F,Chowne,Celestyn,7,0,4,D,3404970853
9046403416,F,Wimes,Kalila,9,1,5,E,1188652095
1255203315,F,Allward,Elga,9,8,7,A,9990294283
7351176647,F,Volker,Jacquetta,3,0,9,A,3535443784
6674024686,F,Wynn,Lorrie,0,8,1,A,6670737769
5625672083,F,Volett,Daisi,2,4,4,C,7525346666
2679385381,F,Pritchard,Emili,8,3,1,E,1949466485
9913487609,F,Humfrey,Willy,6,0,5,D,8156617592
6529115315,M,Hebburn,Kienan,6,2,4,E,6816375165
2899850040,M,Gommery,Renado,8,8,5,A,449625109
8231298827,F,Leefe,Kellen,9,9,7,A,1007918543
8971761490,M,Byrom,Germayne,3,3,2,C,3435837519
8105569981,F,Whitehorn,Adelina,1,2,3,B,9061185084
6954010243,M,Oakwood,Roderich,8,4,4,B,5538241475
746488661,F,MacAlpin,Dorena,6,8,6,E,7246186905
1890759341,F,Biaggiotti,Sindee,4,4,5,D,9364236351
7557449983,F,Greaves,Dido,3,9,4,C,6786520804
7374917953,F,Dumberell,Shel,2,8,2,B,9899476358
7902334790,M,Trickey,Hinze,9,0,5,B,5576541286
2492354091,M,Ommanney,Neville,2,7,3,A,4538225185
2172595845,M,Zambonini,Free,7,0,2,D,3325912761
5144690750,F,Mattingley,Tammara,9,5,9,C,4155453304
1970930551,F,McPhillips,Flori,3,0,9,C,4991710898
863477534,M,Bendelow,Harmon,9,1,7,D,6960127335
2999416679,M,Jarvie,Antons,1,1,9,B,1716145597
514905255,F,Hughesdon,Evelyn,9,5,1,A,6505134018
1749678810,F,Conrath,Dani,1,9,6,E,8808404854
8801145888,F,Longstreet,Angelique,3,3,3,C,5323687886
832783749,F,Bate,Tracy,6,1,8,A,8900347276
7908827454,F,Runham,Lindsey,1,3,6,E,9952307640
3128727171,M,Pledge,Lonnard,2,3,9,D,6124423685
3851761677,M,Peltzer,Yehudi,8,8,5,D,1382914423
4156941469,M,Hurling,Cordie,3,3,0,C,4311534361
4611014088,F,Towey,Haley,8,8,4,B,8166470322
4934437703,M,Sollett,Harvey,6,5,1,C,833756044
2371988006,F,Neggrini,Cherida,4,8,5,D,3452456579
249131803,F,Gritton,Vernice,1,6,0,E,8635410777
5427848312,M,Cordey,Caleb,7,9,6,B,975252097
1123179980,F,Sansbury,Savina,8,5,9,C,3865445055
7469707557,M,Gillitt,Henri,1,1,8,B,7146673235
5976276024,M,MacGray,Jasper,5,0,3,E,2855261244
6516226075,F,Font,Odetta,7,5,5,C,9728807759
2064000038,F,McDowell,Glenn,3,8,7,C,135558158
8555346045,F,Freeborne,Noami,9,0,5,E,6543340355
2436972281,F,Lars,Regan,1,0,5,D,9253604220
5833920620,M,Manach,Dominique,9,2,5,C,1401062091
2581655720,M,Scare,Derry,5,0,1,C,4663333788
8542004620,F,Markwelley,Gwenni,6,2,2,E,8848462154
3068746264,F,Ohanessian,Shellie,2,3,2,A,1536554081
8476675623,F,Wayte,Sherry,4,0,9,C,6331787097
8160978030,F,Vivers,Bette-ann,8,9,5,B,2763264239
4999607131,M,Kershow,Filip,1,0,1,E,8869444090
7353121637,F,Gowing,Mathilda,5,7,3,B,3949009167
7798638008,F,Fonquernie,Fayette,3,1,2,C,2404395270
1376682311,F,Baccus,Cherice,6,5,9,E,480787255
4213449343,M,Shrubsall,Diarmid,3,2,1,C,7189324356
791093085,M,Balazin,Zackariah,5,7,0,B,1963439198
5191988167,M,Longfellow,Taber,3,5,7,D,139924426
7627316391,M,Leckie,Putnem,1,0,4,D,4455990593
9975356486,F,Matthewman,Anitra,0,1,7,A,9355199201
6223714041,F,Shapcott,Maia,4,0,6,D,3382689138
6353339755,M,Zink,Lucio,3,2,2,C,643522034
9195184538,F,Newborn,Lisa,4,4,0,E,7110680517
3040248693,F,Oran,Hildegaard,9,0,5,A,8094492155
1310450463,M,Caddell,Flory,1,8,8,D,828068658
5198955523,F,Lohering,Candie,0,7,5,E,2971782271
1228199272,F,Willison,Larisa,2,4,3,D,4888035016
427477425,F,Ing,Daniella,9,3,1,A,4664220707
2394012749,F,Minshall,Elfrida,3,7,3,E,3853517277
4137258686,M,Curuclis,Rutledge,3,4,7,A,2100355651
2162927829,F,Bendixen,Roxana,3,2,6,B,8807975467
1688677526,F,Tolland,Juli,8,3,4,B,346207428
2120400865,M,Pfleger,Murvyn,8,7,3,C,835820939
4845004550,M,MacAleese,Aleksandr,9,3,6,C,7063012576
1331494419,F,Raycroft,Oliy,2,2,5,B,9556147772
3860365835,M,Peregrine,Klaus,3,3,5,B,897756312
4375067543,F,Benet,Sharyl,5,4,5,C,8715360806
8873544460,F,Tweedlie,Isabelle,8,7,6,A,7844333251
1876561238,M,Trask,Warden,7,8,4,C,9139990176
2539773419,M,Coolican,Pearce,3,7,6,C,1097127729
4366918978,M,Lamar,Marcus,5,9,7,D,9654163438
5794303107,F,Hinckley,Lucinda,2,1,6,D,1501491997
8966142028,F,Harmer,Kassie,7,0,5,E,5367154670
6944454610,M,MacDaid,Joshua,5,5,6,B,8951163229
327284900,F,Billanie,Annemarie,3,9,4,D,7874414667
8381191785,F,Simoneton,Miof mela,7,8,6,B,6337185560
6556582425,M,Devennie,Dermot,6,5,9,A,1471732525
3416697928,F,Stares,Bobbi,3,2,1,E,1325930067
2268334236,M,Rake,Lay,8,7,6,A,4826738110
225267276,F,Degli Abbati,Mirabelle,6,6,9,A,8039617936
2568220791,F,Smallpeace,Edee,9,2,5,E,821470094
9031328820,F,Lamborne,Kissee,7,8,1,A,9628098780
4801089739,F,Mithon,Corrina,9,3,7,D,2368506241
2119385998,F,Jozsika,Dione,0,9,0,A,3558839234
4598526580,M,Jonson,Darbee,4,0,0,C,1551013738
5731307903,F,Nasey,Misti,9,9,4,C,9240910573
6624132841,F,Arger,Corrianne,0,2,7,A,7409957786
2306976287,M,Jozefczak,Land,6,5,3,C,2491951940
7491098215,M,Werrett,Tymothy,3,8,0,C,4208490578
3498187155,F,Rogerot,Mab,1,7,6,A,7190928081
9924562275,F,Simionato,Joan,2,0,7,E,7487573273
1411006550,M,McPhate,Ebenezer,4,0,4,B,262152924
7236999156,M,Gulvin,Lazaro,8,1,4,D,5807135636
663820685,M,Shepton,Freeland,7,5,9,B,3122781255
8863520593,F,Janko,Maribeth,1,7,6,C,3108875892
2007877856,F,Dalliwatr,Erma,7,5,8,C,168562308
6306034099,F,Heffron,Nat,5,6,5,D,1448464846
2016660813,M,Keaveney,Berk,1,6,4,A,8961850733
748951652,F,Hudel,Mandie,3,2,4,E,6059235530
689532679,M,Barrable,Jerry,0,5,5,C,3992425371
8286375831,F,Helmke,Kirbee,5,6,8,B,4975407604
9806341163,F,Hanson,Marnie,9,4,6,C,2360104691
219329699,F,Yokel,Andy,4,4,5,A,5324017604
5010172852,M,MacGorman,Haslett,4,8,0,E,4753666743
9405562339,F,Moncreiff,Hester,3,7,2,A,3079546180
4237600491,F,Hatfull,Jaquenette,0,4,1,D,9083600173
2277430544,F,Thomke,Merrili,4,2,3,D,9935221253
5426487111,F,Greene,Adriana,6,2,6,E,6033082974
4548196978,M,Schowenburg,Rad,6,7,3,A,5858170137
2141066115,F,Dell,Becca,6,5,0,A,1223131955
8658187756,F,Gammack,Desiri,2,0,8,B,6799301545
5396954205,F,Blooman,Tansy,2,7,0,B,6053393924
5379691692,F,Yaus,Atlanta,3,4,9,D,9821448712
9871756712,F,Ruxton,La verne,7,8,3,C,5355856373
9462217149,M,Scorer,Barnaby,1,5,3,E,5846115314
8112804400,M,Cowpertwait,Alonzo,0,1,7,D,3013510250
7544583783,F,Cunnell,Bobette,5,7,4,C,321575520
5123920560,M,Leftly,Pace,6,1,9,D,8923044334
7048373784,M,Targe,Gardiner,6,2,7,E,2905303190
1364633833,F,Coneley,Nerissa,2,7,3,E,3306527815
1497178320,F,Kirkwood,Devinne,9,5,0,C,2493027841
8578724372,F,Robbings,Annelise,2,2,2,C,3451886154
49743570,F,Duiguid,Cesya,8,9,2,C,975265210
6050122253,F,Harberer,Mireille,2,4,3,B,508412188
5120157637,F,Cancelier,Colene,1,4,9,E,9339452968
1116209128,M,Clausen,Roosevelt,4,9,1,B,3318154571
2229716360,F,Pheazey,Heath,8,0,2,C,8632045164
7611083317,M,Straneo,Finley,4,2,0,E,8823627621
7194083922,F,Gerraty,Lydie,9,7,2,A,7774384839
8729268559,F,Johantges,Vitoria,6,5,8,C,9359818097
7981065097,M,O'Sheilds,Emerson,0,6,3,C,217176488
6355472096,M,McCotter,Greg,4,6,3,C,4583638698
5390771982,F,Paal,Vivia,3,2,9,D,4618530146
3083642199,M,Mendel,Crichton,8,0,6,C,5123967710
9043456942,F,Kivlin,Corrine,6,9,3,D,1490865713
7989665980,F,Morat,Hannis,6,4,1,B,6240436828
7983101767,F,Cicchillo,Lucienne,6,3,2,B,6575597084
7295172394,F,Copeland,Maure,9,1,0,D,6483452810
6537883121,F,Krienke,Tiertza,9,0,7,A,2567481087
8383116829,F,Zapata,Heida,7,1,5,B,4639185898
2926509391,M,Gretton,Terri,3,0,0,B,7781243803
315626224,F,Heavy,Fidelity,1,7,5,B,7041445623
6144779736,F,Doreward,Dahlia,3,6,0,D,3249647705
7661036223,F,Benneyworth,Florance,0,2,8,D,9096818636
6407706300,M,Heibl,Byran,8,0,1,E,843180331
611793431,F,Eastam,Elsie,4,8,0,D,3733252942
5763456718,F,Rosellini,Maryann,1,2,4,E,6769772647
5071004348,F,Bunford,Ferdinande,8,9,3,A,4331713342
6329127743,F,Beloe,Christean,9,8,8,E,3826446119
1445255138,M,Jacqueme,Jervis,0,0,3,C,6234973787
3856381295,M,Durham,Merrel,4,1,2,C,9386410125
532685695,M,Leades,Wiatt,5,4,2,B,5416955384
3617131182,M,Keyme,Dominik,1,7,0,B,2091125040
8095880442,F,Samet,Melisande,1,4,5,A,9189902785
2865418278,F,Woloschin,Gabrielle,2,2,6,E,2485028230
8038907949,F,Mathelin,Valentina,6,2,7,D,2557463523
7936442391,F,Paramore,Colleen,9,8,0,C,9025360653
8080345708,M,Lodeke,Waverly,3,4,0,E,8906042191
636382842,F,Sporner,Valaria,1,3,0,B,1106351576
4441112033,F,Walthall,Janetta,8,5,2,D,9272638445
7651405684,F,Knellen,Rasia,4,6,2,B,511652399
821657194,F,Gabbot,Fran,2,5,6,B,8617298324
3717705105,M,Gennings,Angus,1,4,5,C,913723835
4791116879,M,Regardsoe,Artus,1,6,3,C,1903852072
5734473189,F,Chiommienti,Ethelin,9,9,1,B,7465340349
9194511276,F,Zuenelli,Maureene,4,9,1,A,8534628823
2508118257,M,Cumes,Abdel,1,0,8,D,1639539131
1390092453,F,Froud,Ofelia,8,2,6,D,5824094373
3501208863,M,Atkyns,Adrian,6,0,4,A,4859173686
8005319207,F,Bessell,Paulina,6,2,2,B,8537115800
9622996345,F,Cleare,Tilda,5,4,5,D,1908077611
8402194362,F,Piatkowski,Merralee,8,2,6,A,4035945811
5493071339,M,Markussen,Alford,6,6,9,C,3928705393
8316645823,F,Hiom,Brigida,7,3,3,A,8666187840
5546697156,M,Loble,Gardy,7,7,0,D,4663530974
4640645430,F,Askey,Lizbeth,8,1,2,A,3719673189
4012713140,M,Kealy,Tito,1,9,6,B,4434947591
462632342,F,Feeham,Aila,3,9,5,E,7672981730
6231422348,M,Espinet,Sayers,3,9,0,B,5965800088
240929438,M,Carbin,Giovanni,9,9,9,E,1473760119
6202615915,F,Worling,Ethelyn,2,1,1,E,6077829528
9517628722,M,Haugen,Zared,7,0,3,C,7412059149
1923148494,F,Dacks,Priscilla,9,6,1,D,6642225775
7261635839,F,Amorine,Noreen,0,8,9,C,2727182805
2336108445,M,Cleynaert,Nicholas,7,5,9,D,9770750972
3857691719,F,Neary,Joni,0,8,8,B,3785904940
6951070229,F,Buntin,Almeda,5,0,6,A,4683352761
7334875702,M,Lowe,Stafford,8,6,0,E,6157462566
3307882791,F,Martinyuk,Lenette,8,2,8,C,3551496935
8266923949,M,Deavall,Gabby,9,8,8,E,3665100259
9487012044,F,Oager,Norine,4,3,6,E,3020466512
3029333302,F,Marcus,Liva,5,2,4,D,2738572758
1231836148,M,Harlick,Uriel,4,8,2,B,8743902030
2960160800,M,Wyre,Harold,6,6,1,A,7984324603
7156414690,F,Nabarro,Loree,5,1,6,D,2455108228
5542023258,F,Rosensaft,Myrtle,9,6,2,D,569365554
9425625840,M,Cunniff,Giffie,1,0,6,B,3346442705
6893224567,F,Skellion,Karleen,5,2,3,C,9445010523
753176793,F,Kem,Eloise,8,2,6,E,3202243640
3111034577,M,Greendale,Tadeas,8,8,0,E,28778014
7997299971,F,Conkling,Monika,4,7,3,C,4901124102
6693349722,F,Olcot,Damara,9,1,4,B,9820485428
2974993222,M,Clementel,Dane,6,0,5,D,9415705728
9546234591,F,Merredy,Lynde,5,9,5,B,3308174707
4802211465,M,Skeemor,Lazare,1,1,3,C,1726595781
3835884166,F,Ganderton,Henrie,8,3,3,A,1507888880
4608052659,M,Dowzell,Jorgan,0,3,3,E,322454956
9794114979,M,Stuckow,Maximilien,0,5,7,A,4607272523
5954790205,F,Butten,Nanice,8,6,4,D,7679882010
3031693299,M,Middlemass,Ralph,6,3,2,E,7073504811
4346410669,M,Ast,Sam,6,0,3,C,7842357633
8432791261,F,Lettuce,Sherie,3,7,8,C,3447597860
5378980046,M,Hyde,Adolpho,5,5,2,D,2793382361
7608672978,F,Renshall,Gennifer,7,8,2,D,9296432758
4765003655,F,Morrice,Jonis,8,0,9,B,7851115132
9632050819,F,Attenborough,Amalee,8,5,3,D,8249837088
2172728004,F,Ghest,Arlyne,7,3,5,E,1777096359
4896477308,M,Pedwell,Mel,6,2,7,A,7367228897
3771917689,F,Rosenfrucht,Dacia,3,4,7,C,8335727104
4849078524,M,Corro,Morty,6,8,4,B,7377888334
9430836528,F,Briamo,Jackqueline,4,8,6,C,8120396871
7680519919,F,Danko,Kaylil,6,8,2,E,8618775681
1713959402,F,Guiducci,Lavinia,7,5,4,E,3246813221
8362033894,M,Berrisford,Adham,2,9,8,B,7585530846
357105141,F,Darch,Bebe,8,4,9,D,5313777696
3076548182,M,Gritten,Reidar,1,3,4,D,5869180708
6579362545,M,Cape,Woody,9,1,7,B,6832412991
2498948023,M,Sinton,Wallace,7,7,3,C,2356989250
6194211571,F,Bleazard,Annecorinne,0,3,4,D,538837888
7853053231,F,Lattimer,Jenine,0,8,0,E,4842693010
9952170734,F,Gwynne,Dalenna,9,3,6,E,7018290287
4449213009,F,Chessor,Yasmin,7,4,1,A,4494802166
1395164843,M,Geeritz,Benedict,2,8,8,E,8303120085
9973503406,M,Sutherden,Kristofer,5,4,5,A,6176829674
7256554044,M,Renshall,Aguie,9,4,3,E,8329129195
541130331,F,Dikels,Florella,8,2,1,A,5502552705
3095651120,F,Bedrosian,Anastassia,1,5,0,D,3762010528
7066316908,M,Delieu,Thedrick,9,2,3,C,9149560085
3114922198,F,Geertsen,Elysha,5,6,3,D,2111690716
3388117691,F,Brodeau,Stefania,9,3,5,A,220989532
9228646861,F,Giddings,Dyan,6,7,8,A,614044502
8905345603,F,Kinsman,Pauline,2,0,4,B,3338581629
7877311443,F,Loftie,Wynny,9,7,6,C,6728735380
7136662060,F,Marchelli,Rebe,7,7,8,B,2459628544
3938336641,M,Keepin,Casper,0,5,1,E,1760289701
9378940560,M,Keirl,Marlon,0,3,2,B,2500541401
2682284574,F,Runnalls,Laurene,8,8,6,E,3766822802
966747976,M,Cairney,Gian,9,7,4,B,941937488
473178435,M,Yepiskopov,Armstrong,0,2,0,D,6053561053
1865114839,M,Dessant,Hermie,9,5,0,A,2080180517
3393338242,F,Ciciura,Gabi,3,0,1,C,5497418422
2294714695,M,Giocannoni,Sonnie,8,2,1,A,9349763508
4858271870,M,Tunesi,Gearard,2,6,5,C,1660211441
774673141,F,Helstrom,Datha,0,4,0,D,3881685219
856749419,F,Fabb,Estella,7,6,5,E,9403711914
4999090384,F,Robertucci,Jilly,1,2,8,C,3128385394
5636177917,F,Brigstock,Vanna,1,8,0,E,1504156633
3074450185,M,Cunnington,Reggie,7,1,6,B,4932967381
5933957011,M,Cristea,Henri,6,4,3,E,8095009407
9313722194,M,Poundsford,Ferris,7,9,9,E,3746944279
3480468896,M,Dobrowolny,Cullin,7,4,8,B,15721442
574173382,F,Woofinden,Elspeth,8,6,9,B,9927989431
6059865615,M,Isacsson,Glenn,5,3,2,C,2646198485
6262038809,F,Badrock,Maris,5,7,2,E,9470126084
6718805521,M,Slamaker,Tris,5,6,8,A,367622327
1022073877,F,Menego,Bette-ann,8,6,9,D,5924968383
1254589910,F,Sidgwick,Gavra,7,2,7,B,5253837493
91931665,M,O'Hickey,Elsworth,8,4,2,D,7643732604
73768421,F,Smallman,Theresina,4,7,3,C,7643494711
9918789476,F,Tchir,Tina,6,6,2,D,1752723651
8263590973,F,Vedenichev,Evangelia,6,4,4,D,8605006218
6552825471,F,Kidder,Ally,9,1,5,A,9481260887
3549445954,F,Yellop,Eadith,8,5,8,A,4075701492
3216678334,M,Gatrill,Pietrek,2,6,0,A,2387223608
6241403109,F,Kindon,Angeline,0,8,5,A,5983338633
3879359768,F,Tomicki,Luella,8,7,0,D,3430796873
1782858547,M,Gidney,Kliment,2,7,7,B,1136424954
7459016055,M,McCrow,Justus,9,4,7,E,8816412267
2572146002,M,Tocqueville,Rik,6,0,3,D,3470830134
3334281655,F,Minichi,Babbie,8,5,3,C,690591543
314636889,F,Keatley,Isis,3,2,8,D,424075903
3226262092,M,Henstone,Jonathon,0,8,2,C,6761979064
290077982,F,Dabrowski,Adiana,1,1,6,E,2226456945
3147516008,F,Jahan,Hazel,1,1,4,C,6668817262
6744675273,F,Donoher,Maddalena,9,7,4,E,536607427
8772569336,M,Comelli,Stanislaus,1,5,2,B,6261590575
5466497444,F,Wilacot,Jeralee,1,6,9,D,1360721614
2900658578,F,Thompkins,Cybil,5,4,3,E,3895099201
487255674,M,Ditchburn,Normie,1,9,2,E,8016505163
6874895745,M,Heakins,Forbes,9,9,9,A,5629383558
2624682031,M,Mayell,Domenico,1,9,6,D,4209306398
9874771453,F,Vanshin,Stoddard,6,4,8,E,7231720137
9022938867,F,Robe,Joice,3,0,2,B,7727241431
4003557174,F,Foynes,Elissa,9,8,5,D,5377122623
2881115241,M,Landells,Tim,1,4,8,E,2255537753
7342303348,M,Hilbourne,Sherwood,5,4,9,A,6038488545
4215000831,M,Kelberman,Sebastiano,7,6,8,E,8623025415
7275079860,M,Wherrit,Eben,0,7,5,C,1759254002
4165111996,M,Iiannone,Martin,5,0,4,C,1939885728
3625585170,F,Paulsen,Aurelia,0,5,0,C,4187054456
8533353146,F,Parffrey,Donica,7,5,8,A,9917139613
2340142482,F,Caddell,Fernandina,0,6,9,B,3013615389
9936524284,M,Gronauer,Skyler,5,6,1,C,7936729259
5716037496,M,Rossey,Sterling,2,3,8,D,285067338
8358960638,F,Tustin,Ardine,9,7,2,D,9430106996
1100945504,F,Degnen,Candice,9,2,6,A,2027952039
5005924787,F,Bickerstasse,Caitlin,0,3,8,C,8752110583
4203864860,F,Milligan,Alaine,3,9,4,B,970513240
5624607199,F,Eadon,Anny,1,6,0,C,3284443886
4176892587,F,Skrines,Timothea,1,0,7,C,5339717135
4459677873,F,Meriet,Rosalia,7,8,3,C,7639001986
5485262635,F,Eloi,Stephana,6,8,4,C,4825455824
4834004651,F,Wybrew,Concordia,1,9,3,A,2966488689
8780320007,F,Wandless,Karole,4,4,5,C,654977550
5997767930,F,Espy,Inez,5,4,9,C,2978357991
5212754542,F,McGeachey,Bernadine,9,1,5,D,4571218338
4835208684,F,Barbery,Valera,1,2,5,C,2965800433
2594638544,M,Gockelen,Palmer,1,3,2,D,5086443938
8309802293,M,Surgen,Randall,3,0,4,E,136834396
5406426303,M,Sell,Welby,4,6,7,B,4432992808
8948721216,F,Freeman,Riki,9,6,4,D,2258363209
5700226367,M,Sweetzer,Brennan,4,4,3,C,6842498643
5079215100,M,Goodrick,Lawry,8,5,7,B,179800094
1677011548,F,Warcop,Gretel,5,6,1,D,7754575728
1625157118,M,Rafferty,Lenard,2,1,3,B,1524481599
7057997817,F,Beckinsale,Bobina,2,2,0,B,2635373620
7825165683,M,Hubbert,Dunn,9,7,6,A,2073952119
2961435064,M,Scarrisbrick,Whit,9,8,5,B,4418163247
2610263341,F,Hanse,Clarita,3,5,0,D,2866150678
3452016595,M,Bowerbank,Wayne,7,2,0,C,9824272690
7097827386,F,Sach,Heidie,2,9,4,B,8634016595
7632318143,M,Byforth,Richard,2,3,0,D,8340197983
7699992296,M,Folbige,Francois,9,8,5,A,6810483934
4406320946,F,Summerbell,Lori,9,6,8,D,8173280320
8110928463,M,Lardeur,Dennis,5,4,8,D,4264357365
1308389558,F,Breckwell,Kayla,9,1,4,A,2774082188
5887396334,M,Nozzolinii,Mackenzie,3,8,6,C,964270323
2864876523,M,Mallabund,Cob,0,5,8,E,3159890791
2257275845,F,Kurten,Sallie,2,1,6,B,2256546020
2535878933,F,Ogilby,Saraann,8,0,8,C,7155139793
9700734463,M,McKechnie,Harp,4,7,2,B,3078568466
3853621600,F,Nary,Paulita,1,9,7,A,3503042288
4899703392,M,Taverner,Thatcher,1,3,6,B,9478718711
1499509634,F,Woodruff,Gray,9,7,3,E,3177826986
5846240631,M,Brugsma,Fin,6,9,8,E,1601828500
4680772530,F,Assinder,Brittne,1,1,8,D,9081286498
5151542230,F,Ayer,Almeria,3,0,2,A,6938519749
2688057146,F,McCrow,Gipsy,7,7,6,A,9479404613
8798118498,F,Harkess,Sara,2,5,6,B,8389265206
364962720,M,McCarlich,Kin,8,4,4,B,7383489128
7537930317,F,Aloway,Mia,7,1,6,D,2984263839
2203708425,F,Chisman,Lyndsie,4,7,1,B,4288139996
5714125053,M,Breewood,Gregoor,1,3,0,D,1739583221
7594271203,M,Hofner,Zared,4,9,4,A,851971423
2069781119,M,Greystoke,Bronson,3,1,1,B,2991220139
5582396993,F,Sieghart,Eirena,2,8,1,E,8730524830
5343600239,F,Greetham,Avivah,8,0,7,B,7392255134
806797339,M,Rachuig,Walther,1,6,0,D,4566391299
7947643091,F,Kinde,Tallie,8,9,4,B,3499750732
1147959722,F,Corday,Ilyse,3,0,5,D,8587422367
4114696237,F,Possek,Angelita,8,9,0,E,5627000155
7478699189,M,Berzin,Any,2,7,0,C,606158332
2648496432,M,Bucknill,Boris,7,9,0,C,4445395528
4567411471,F,Alflatt,Pen,6,6,6,B,5795856819
2095070488,F,Naylor,Deonne,4,0,5,A,4491684332
9307104484,F,Stuke,Doll,7,1,3,C,6286205829
5097637534,M,MacAfee,Diego,3,0,6,B,3402070804
8222163221,M,Nutman,Nilson,1,1,7,D,3492469574
6380084142,M,Genge,Garreth,0,8,9,D,4439743382
6667098831,M,Mapstone,Wade,9,5,6,A,4764841509
5159267689,F,Fleeming,Barbabra,5,5,6,E,5451249377
3950089438,F,Moodycliffe,Nara,6,7,0,C,2089103566
6961197868,F,McClaughlin,Joletta,3,4,3,A,8197666458
3254277910,M,McIlenna,Elston,6,2,6,B,4267814201
9568632387,M,Syde,Benyamin,7,9,5,D,9530527535
2168617368,M,Jorez,Alix,0,7,7,E,4817822295
7876939902,F,Matyushonok,Claudette,7,6,0,E,9686718109
2352287375,M,McOrkill,Barnard,0,6,9,E,9801077662
430525842,F,Flannigan,Giulietta,8,4,8,E,4492756981
1259860779,F,Battaille,Ginger,5,1,9,E,8202486491
7051435027,F,Skae,Jaymee,8,9,7,C,7861225615
8823917387,M,Grimsdell,Nigel,7,5,7,B,6548137124
8434388766,M,Fakes,Beltran,0,6,5,B,8889040807
1311282955,M,Barley,Grange,7,9,2,C,4905895839
447976028,F,Ollerearnshaw,Editha,6,8,9,A,2183424346
7534292980,M,Laslett,Diarmid,5,3,5,C,2947058380
771262507,F,Leggitt,Jacquette,2,9,5,B,375831444
2929097329,F,Ducaen,Suzy,5,6,7,B,2223320023
4386870229,M,Ivamy,Lief,2,8,2,A,5211031652
3907383192,M,Butterfill,Zebulon,2,2,9,B,8642008326
8239508634,M,Fowlston,Lindy,0,6,3,B,9512455307
3856950079,F,Haberfield,Nelli,6,9,2,D,5002602134
7130325135,M,Castagnasso,Benito,7,0,1,D,6403528653
466217668,M,Goodoune,Morgan,9,7,9,A,8689673563
6436387129,F,Hacket,Mary,8,9,7,A,9937880319
4923250380,M,Skea,Hebert,3,6,5,B,2671333102
2548122239,M,Merkle,Francklyn,5,6,6,E,5258311449
8486313678,M,Grayham,Percival,5,2,9,B,113657900
8786720007,M,Semonin,Corrie,9,3,8,A,4542158918
371079535,M,Shooter,Jamal,8,5,5,A,5420518783
9284713560,F,Baker,Konstance,4,8,7,C,5118617731
5554549977,F,MacRierie,Giulia,6,9,7,B,4404074476
4188067977,M,Shiril,Brendis,4,5,4,A,214174026
6990562587,M,Odby,Reinaldo,1,6,2,B,6776654557
447990675,F,De Cristoforo,Darsie,3,2,5,E,1893575012
2266913433,F,Chalice,Melanie,8,0,0,A,4912793876
7052089270,M,Colisbe,Boniface,9,9,8,A,366654055
7305230367,F,Maffini,Ekaterina,2,1,4,E,4765744086
363379630,M,Beals,Harp,5,8,2,B,4214246632
5013075173,F,Axelbey,Alene,8,3,5,B,7565001325
542820668,M,Nosworthy,Wright,9,3,3,E,2952245762
3243919940,F,Dewett,Liesa,8,8,6,E,9735369052
7847427664,F,Trematick,Milli,0,0,7,E,2206492881
3600241508,F,Parmley,Betsy,0,7,7,A,9760466880
4302693908,M,Swinbourne,Kalil,2,5,5,D,3342618701
8364556037,M,Crosse,Curran,1,2,9,C,1033976296
4634729687,F,Bleeze,Tally,5,6,4,C,4391948141
9387499553,F,Dahlbom,Nathalie,1,6,4,E,4323136854
7297773174,F,Probert,Margaret,6,5,1,B,9354591337
8599134434,F,Grahamslaw,Sheela,5,1,4,D,2637640529
4850310486,M,Stallworth,Ganny,8,1,4,C,4423538687
1055029133,M,Hugo,Noby,6,8,2,B,8078591519
7002502182,M,Binks,Farly,5,5,5,D,3736750498
2525910591,M,Blackman,Barny,0,4,6,C,1664080872
6359263645,F,Roney,Brietta,4,7,8,D,1621117138
3826497171,M,Clayson,Miguel,8,1,0,A,5474432836
6431680855,M,Waulker,Hobey,8,3,5,E,5271237796
8180287645,F,Streeten,Avie,9,8,2,E,603556000
1965556167,F,Kingescot,Maurita,3,9,1,B,1990189873
4603505809,M,Nevitt,Bartlet,3,9,2,B,2882252099
1325797650,F,Wildsmith,Arlene,4,6,3,A,3380435430
2214619968,F,Shawyers,Jessica,7,9,1,D,7409345640
9247956250,F,Padula,Cassi,9,6,0,C,9488141816
9029652489,F,Ciobutaru,Zonnya,9,6,2,E,2502787564
2454785943,M,Posen,Saxe,4,0,6,C,4852950393
869151231,M,McTerry,Shelton,1,5,9,A,8846789199
4731791200,F,Druett,Rosemaria,5,7,8,A,3110007398
5136709839,M,Crallan,Terrill,0,8,0,C,9414641866
5442889679,F,Duffit,Tabbatha,5,2,1,E,3213996998
697351300,F,Novis,Saree,4,6,8,B,7035750479
8540284162,F,Bartolomeazzi,Gillian,7,0,5,E,6391905967
6450659564,M,Tolussi,Nealon,0,4,1,B,7914721123
4624067614,F,Adrienne,Bernita,6,2,7,C,1295386763
8319382076,M,Dragoe,Ruperto,3,8,1,D,7444614997
3319663380,F,Raggitt,Chris,1,2,6,C,5198816485
1519555644,M,Shaddick,Camey,6,5,8,B,8935585696
8541249662,M,Benoist,Remus,1,4,9,C,1949029220
5611931332,M,Compton,Arnold,6,2,5,C,2878476867
4779388244,F,Ballard,Theresa,4,7,1,B,1021514195
2789124388,M,Keinrat,Nichols,5,6,3,D,2553593821
42315603,M,Berendsen,Etienne,2,6,1,D,3875668529
7998006110,M,Fowler,Warde,8,4,7,D,2692638387
8980250037,F,Creagh,Trixie,4,9,6,C,7194158752
2601728132,M,Esposi,Lester,5,9,5,B,1271545772
4668963631,F,Gully,Grace,0,8,0,B,6818135536
3366861401,F,Macro,Wenonah,9,0,0,A,1081953942
3432609337,F,Giovanazzi,Fifine,4,4,3,C,64909719
1702569276,M,Gaffey,Shurlock,4,8,9,E,5265390774
3921306191,M,Willerson,Barnett,6,0,2,D,9001093078
5150427802,F,Bugdell,Dinah,4,5,5,B,8842919241
9276631577,M,Burress,Nikola,8,5,4,D,3837106373
4563626708,M,Izod,Colman,3,4,1,E,8982765352
437023257,M,Toone,Huberto,2,7,0,B,5495428722
4417361983,M,Bauchop,Pattin,0,0,6,B,4967720536
8704886712,M,Castagnaro,Mitchell,7,0,8,C,3529426717
1889910759,M,Mathieu,Arney,7,6,3,C,3433735786
1816847585,F,Dennis,Loralyn,5,1,4,B,9953085145
8176279765,M,Hinchcliffe,Obed,0,8,8,D,6448700706
6785769124,M,Hayward,Burnard,0,5,9,C,7651607163
1758529121,M,Melbury,Amos,5,6,4,D,4727655136
6645716001,M,Gerram,Bartie,4,8,0,C,122383524
8858916662,M,Yanshinov,Araldo,0,0,9,A,7832965207
6413953829,M,Lagadu,Hogan,6,9,5,B,3085818561
668686367,M,Dalgardno,Ax,2,2,1,A,2105198074
1493631721,M,Brundall,Hyatt,9,5,0,E,2665834103
7646117110,M,Acedo,Bevon,6,7,8,D,496439154
3454372488,F,Molines,Livy,5,4,6,B,8320486912
6578209948,F,Tibalt,Tomi,3,0,9,D,7690128440
1141267365,M,Froschauer,Alyosha,9,3,3,D,5868655060
2308345691,M,Mulholland,Clayborne,5,7,7,C,2948270642
4803563454,M,Rawstorne,Cull,8,5,8,B,770800793
2901222315,F,Behninck,Rachele,1,6,4,E,8330479080
2800469552,M,Sherewood,Van,2,7,3,E,1316541274
9057855488,M,Beedie,Weylin,0,1,6,C,4938140454
2779390883,F,Coverdill,Lottie,8,9,9,A,6851721775
8868688700,F,Sarginson,Tatiana,1,0,9,C,3683524
8058620939,M,Ryam,Pippo,5,1,1,C,6017380753
8169314798,F,O'Sharry,Louisette,7,5,2,C,4263658949
3305743549,M,Little,Otto,8,1,1,D,1917148305
9197539880,F,Bickerdicke,Nanci,2,8,2,B,79594522
7110121518,M,Spini,Gerick,5,0,9,D,9885875344
4947434848,F,Archard,Shirley,1,8,4,D,3569892352
7769030080,M,Scholling,Benedikt,6,5,7,C,6948866069
5198400521,M,Bestwerthick,Albert,0,6,8,D,9943496932
860408876,F,Wevell,Mariellen,4,5,6,C,9626219734
7678335911,M,Johann,Nels,5,3,5,B,4800338638
9181899599,M,Larby,Emanuele,2,1,3,A,448030896
5940768202,M,Goldson,Osmund,4,1,2,A,6618957052
765445506,M,Ahren,Tallie,1,3,8,E,4821847345
9497762712,F,Wardingley,Lilias,1,1,3,D,190309393
3824242710,F,Foyston,Annabal,9,2,4,A,3294642849
8563216503,F,Alton,Caria,3,8,7,C,1122876327
6331034439,F,Spenceley,Ashly,9,4,2,C,7715602981
9953654611,M,Thelwll,Shaine,8,9,7,D,1529205379
2614442097,F,McAlpine,Marketa,4,7,2,E,5811327560
6708919869,M,Buntin,Cully,5,5,9,A,9254134007
8955184123,M,Kinchington,Nicola,5,6,1,C,6071475201
634065653,M,Bisiker,Harris,9,8,8,B,6988070117
1456389637,F,Blune,Christan,5,2,4,D,4331550591
3856028234,M,Crummy,Burnaby,3,1,7,E,9928624100
3155386312,M,Dupoy,Calhoun,1,9,3,B,8723712279
7128826173,F,Merryfield,Kimmie,5,8,1,B,2717996281
7180391069,F,Verlinde,Gill,4,8,5,E,4760162283
4817373660,F,Nutley,Hester,4,7,3,A,6575320392
8118047083,M,Danielsky,D'arcy,6,6,6,C,4809905780
9852759876,F,Torres,Leyla,7,1,1,B,8567765749
5806786951,F,Grebbin,Holly-anne,1,4,5,D,4689640009
8441204950,M,Chenery,Dud,1,5,5,A,5192145996
2037556314,M,Abels,Vassili,0,5,8,E,7801700449
3034935765,M,Beckford,Richardo,6,7,7,A,9419977552
1461510872,M,Raisher,Gardie,1,1,4,A,5025491576
4661933044,M,Jest,Son,7,2,3,E,6576525419
7482767649,F,De Bellis,Fern,1,0,1,C,1209892855
4985416010,M,Bales,Keenan,1,8,1,A,1995977772
6225463844,F,Drain,Nell,4,6,8,D,4802379455
882807978,M,Stroton,Merrill,2,0,5,E,3845762322
9255995103,F,Feedome,Augustina,0,4,2,E,9303751531
1882455223,F,Pieracci,Tasha,6,8,8,A,5617819798
1871312426,M,Madge,Wilmer,5,8,0,D,3425820664
2710057735,M,Roomes,Earle,3,8,0,C,7134984656
5159053689,F,Winley,Cristi,2,4,8,E,7428157447
4522544367,M,Dulake,Henry,1,3,3,B,211699608
6297910545,F,Ruff,Merl,3,6,9,C,6452468405
9358701455,F,Guerrin,Bert,3,0,0,E,905958241
6114157400,M,Bee,Zacharias,3,3,6,D,8409869160
5000803175,M,Baroc,Darren,0,4,0,A,914589709
8638132298,M,Freke,Broderick,5,7,9,C,9567607001
5623557554,F,Kinde,Feliza,5,9,6,D,9425606722
8332720354,M,Bernaldez,Rollie,4,6,5,E,1002389623
5346490477,M,Hadye,Philip,4,2,9,D,9027560137
9266819018,M,Esson,Ulick,3,3,1,A,4436269159
3438879115,F,Schaffler,Jenifer,3,3,0,E,4409206710
6539821808,F,Murdoch,Alli,9,8,1,A,7972608717
4848477743,F,Dillingstone,Edith,0,3,9,E,5335956747
6435912726,M,Cominello,Eugen,7,1,7,D,5621568222
2323528807,F,Sansun,Daryl,2,3,4,B,1168039827
6237602038,F,Dedney,Belinda,3,3,6,A,646354639
9592907595,F,Machon,Marguerite,8,3,5,B,1682507106
4375820292,M,Leahey,Levon,4,4,0,E,1193433193
6680131731,M,Worster,Woody,6,8,9,E,9886335815
1120219973,F,Phizacklea,Kaleena,3,3,4,B,6006109409
3726270078,M,Parlour,Olivier,3,9,1,E,3447760095
9484530656,M,Emberton,Nikolaos,3,8,2,A,311619088
190573325,F,Buckett,Chrysler,8,3,4,C,3044415969
6941490195,F,Michelin,Darryl,7,9,5,C,8637224849
9587197615,M,Reder,Desi,6,4,2,D,6078264044
5848116431,M,Walder,Nealon,7,2,6,D,8349548339
3034374585,F,Leatherbarrow,Rosanne,8,9,9,A,98028367
4350708014,F,Garment,Perl,3,2,3,C,2426562498
8840829679,M,Bannester,Artus,2,6,4,B,1708954317
6552443757,M,Mcimmie,Rick,4,0,8,A,4693451703
785685944,F,Baser,Carmencita,9,1,4,A,5312907197
6841434617,F,Graham,Arleyne,0,9,8,A,9087476876
4334053718,M,Nazareth,Samuele,2,7,2,A,2429793121
8792206298,M,Oleszczak,Zane,9,9,6,A,7234186115
4765566188,F,Albasini,Linet,9,2,3,B,554790017
1477411992,M,Langstone,Raimundo,8,5,7,D,213470853
4796884416,M,Myton,Winn,2,9,9,C,4284237276
2775855717,F,Shearman,Valene,9,4,4,C,4240510996
8665875581,F,Lowbridge,Xylia,7,7,1,C,4761694106
3221499795,F,Laurens,Dede,6,2,6,E,3759868584
99919141,M,McDunlevy,Bev,4,5,6,C,1735686018
3441586964,F,Pegden,Wenda,0,0,0,E,9283799801
4751910582,F,Bruntjen,Fanechka,9,0,1,B,1403675708
8758536086,M,McCallion,Albie,2,6,5,E,2142805647
5759499971,M,Eagle,Roddie,4,6,8,B,3473681210
2329417535,M,Gerckens,Duky,9,4,0,E,4968910525
4125570221,F,Shaudfurth,Roch,1,9,8,A,7834781375
2621746241,F,Beeswing,Kalindi,3,5,4,D,5911067137
155900196,F,Summerson,Marion,9,7,7,B,4476351425
817623353,M,McInnery,Weider,4,2,3,D,4482883506
1861991681,F,Cahey,Blakeley,8,0,3,B,8392662903
4863047991,M,Osban,Fidel,3,8,2,A,7626171861
2296111769,M,Abramovici,Terrell,3,8,2,E,2188439287
5563184951,F,McMechan,Wilhelmina,7,9,0,B,1338911554
5291737271,F,Dollin,Didi,8,0,6,A,2591270627
7714921927,F,Brumfitt,Ferdinande,0,8,0,B,6080646447
8898675178,M,Manwaring,Rubin,1,6,3,B,4247547690
2463012048,F,Bertelet,Kerstin,9,1,3,E,7865644299
328748099,M,MacLaverty,Salvidor,5,8,6,B,2030739111
1074800192,F,Gonsalvez,Allyn,0,0,3,B,5753992056
8760561297,M,Moisey,Nicolas,9,1,1,A,6459093954
8386821191,F,Presdie,Kora,7,7,1,A,7491638198
5172436812,F,Comi,Brinn,7,0,7,A,4748640995
1417640979,F,Flanagan,Isabella,6,2,8,B,2762942306
3571082702,F,Goacher,Maryann,0,0,0,B,1556757441
210794127,F,Couvert,Iolanthe,4,4,9,E,709270283
8607637460,M,Lynas,Barnard,0,3,1,B,2858127654
7515098740,M,Rozet,Conn,1,3,2,E,7412900315
5057224603,F,Morefield,Lexi,2,4,9,D,3095910878
744691931,M,Orpen,Kevan,4,4,2,E,5641545899
6129765266,M,Rushforth,Cesar,3,7,9,C,304685186
9506423121,M,Mahy,Fletch,6,7,3,D,8723268220
7266299829,M,Santo,Buiron,5,9,9,B,7686727653
8695034836,F,Aliman,Verena,0,8,8,A,3922832245
6241938126,M,Balk,Seumas,3,2,6,A,5976470467
7966220656,F,Collinwood,Bertina,5,6,1,D,5460603412
3183823438,F,Dursley,La verne,7,1,5,C,3475165074
8573860650,M,Cardero,Hamel,0,6,6,A,4397728461
9639566284,F,Brabender,Angelia,6,1,8,B,648314057
5891397080,F,Buckthorp,Chandra,4,1,2,E,5175023144
9871748728,F,McLemon,Yelena,9,5,1,D,9909288141
651126029,M,Maso,Daniel,4,5,4,C,9750845463
8621549166,M,Fold,Thaddus,5,5,3,A,6338581478
760641854,F,Stainbridge,Hephzibah,3,4,6,D,9667348121
6065872326,M,Bosden,Townsend,4,9,5,B,9699650222
2038165459,M,Thurber,Ulrich,8,5,6,E,6403706012
4374130608,M,Bleackly,Ivor,3,3,9,D,5273930510
9570125861,F,Dannel,Angie,1,0,8,D,324301480
9685757054,M,Giabucci,Dominick,6,6,3,B,7222606823
227435184,M,Gheorghescu,Allie,2,0,6,E,8579474817
8857166619,F,Pilkinton,Margi,9,8,7,C,3955858693
9667639983,M,Buxcy,Mayer,6,9,9,D,5038799620
2212972296,M,Milliken,Ole,3,3,0,D,5373262536
7761626812,F,Gleadle,Cyndia,9,4,5,E,3287246917
5722661120,F,O'Gleasane,Bernice,8,9,0,D,1611744474
1743561202,F,Harbertson,Friederike,5,4,9,C,4977969189
8918434413,M,Dongate,Vaughn,7,6,9,D,2484132875
9731147268,F,Howel,Rosalind,9,6,4,E,7385471951
715741411,F,Davidsen,Andria,5,0,3,D,3887914023
5780768277,F,Attard,Maighdiln,0,2,5,B,2183096845
9031644269,F,Daouse,Linn,9,2,9,C,8950418576
2179049129,M,Pickerin,Lanie,4,6,0,E,6411126798
4308643481,F,Wurst,Dory,3,0,0,B,2405683237
8189807854,M,McAleese,Had,0,5,0,E,7241360095
167196316,F,Wickersley,Bettye,8,3,3,E,6199454987
3847472062,M,Pennicard,Glenden,0,2,9,D,4311910894
826156770,M,Hackleton,Stanislas,7,8,9,B,62393553
1042586861,F,Hamsson,Gypsy,9,6,9,E,5948555445
4819380958,F,Akaster,Chad,8,8,6,B,1285463188
1080864318,F,Ipwell,Hedy,9,7,5,D,9676124869
14159759,F,Briztman,Inez,1,8,4,B,4563393185
5351448882,M,McBrearty,Benton,5,7,4,E,6134289027
8261778053,F,De Domenicis,Tanhya,1,0,2,C,4663864449
7499997332,F,Teml,Deonne,2,2,0,D,4696686248
8468798789,M,Tofanini,Pascal,4,3,7,E,5644355624
6212387443,F,Fraczkiewicz,Kristien,9,8,9,C,4135307493
5662023689,F,Gary,Frayda,5,5,8,A,6480457331
262960176,F,Belden,Gracia,6,0,2,D,6237856560
2279919427,F,Edelheit,Ranice,1,1,9,E,2434807844
3787752226,F,Tue,Jessika,7,7,8,E,8778341981
830628339,M,Portlock,Cristiano,9,8,5,D,7294969450
4755366844,F,Fitzroy,Valerye,9,7,8,E,88946010
3183156601,F,Saffon,Nariko,1,9,5,C,2397106892
1162755431,M,Hubery,Glenn,6,3,1,C,5618665034
4278424493,M,Treneer,Garrard,1,2,6,B,5656451607
6943851896,M,Fronzek,Alexandros,4,2,4,E,6693024084
3732423662,F,Brookes,Candy,2,4,0,C,2685433244
3294109415,F,Spens,Lucina,0,9,8,E,9513362523
8309800908,M,Younglove,Gregg,7,2,1,B,5730840365
2951330316,M,Hadlington,Addison,6,4,8,E,8916048419
8210155547,F,Durrand,Cindy,9,6,4,A,2617905756
7139127298,M,Phant,Jason,4,5,8,B,2349513939
6053475726,M,Nanelli,Durward,3,4,9,B,1495412105
1307196063,M,Harmstone,Mitchell,0,2,9,C,7387008892
7259637919,M,Findlow,Harcourt,9,5,8,E,3180454083
831364211,F,Wildt,Gayel,2,6,3,E,4426664454
2165563283,M,Whitehair,Sherlock,7,3,8,C,4813580033
8108404339,F,Cassie,Belvia,1,3,9,A,2565859430
7395244699,M,Emerson,Cam,9,8,4,B,7646441600
3183696088,M,Mundall,Sinclair,4,3,6,B,1214103014
9769462268,F,Mountney,Tawnya,6,7,1,B,4437685040
6944348756,F,Busch,Celie,0,8,1,A,4520690196
7491798888,M,Blinman,Cirillo,0,0,3,E,2834775176
5303943933,F,Rogier,Florina,8,0,6,C,7626111516
1831648881,F,Durno,Eada,6,4,9,A,874547598
5374936549,M,Simenet,Maximilian,3,5,0,E,7528106909
460772309,M,Hindenberger,Brok,8,8,5,A,1722909714
6971055810,M,Alred,Kahlil,7,5,1,E,8172412304
4848330319,F,Gimbrett,Lauralee,4,2,3,E,9308087435
2040749896,M,Perelli,Francklyn,6,6,4,C,9112433772
8801650345,M,Ringsell,Bartolemo,1,1,7,B,4059521981
157946959,F,Betteson,Eada,3,9,5,E,174523599
4696339084,F,Vondruska,Faustina,9,4,7,E,8921761071
6243320146,F,Eastment,Tobey,7,9,2,A,4012794647
3386033040,M,Bust,Carce,2,1,8,E,7264875474
8415155158,M,Fridlington,Massimo,2,4,4,E,4628979472
3501484003,M,Waye,Sigfried,7,6,6,B,691590699
7303214356,M,Cobbing,Gallard,7,4,8,B,7109524469
1073056686,F,deKnevet,Nichole,4,5,6,B,5920674822
6051500529,F,Derwin,Jacquenetta,9,5,1,A,2572505967
4876963436,F,Signoret,Hedwig,2,9,1,B,3077576422
8278493006,F,Bakesef,June,0,9,7,A,1976722888
6072495974,M,Maffey,Matthiew,6,4,0,E,839293895
3344341979,F,Fullom,Kessia,3,1,5,B,3834279250
3533839885,M,Dinkin,Abdul,8,1,6,E,1819433501
6042986473,M,Giacomini,Dewie,5,6,5,B,4727416891
5664835079,F,Fielders,Maurizia,5,9,0,B,1437448437
296459887,M,Pacheco,Vin,4,0,2,A,1590578880
4650679885,F,Iacovelli,Donella,3,3,2,D,2893152767
4393329465,F,Lipscomb,Wallie,6,4,4,A,8912015133
3698162059,M,Glabach,Chance,5,4,2,B,7171617416
7992630726,M,Selburn,Red,3,4,9,A,244894817
9539207932,F,Sam,Jehanna,1,1,1,B,3816649785
4223970666,M,Hinrichsen,Romeo,1,8,5,D,960011862
7183312968,M,Linkleter,Bjorn,9,1,8,A,5439252789
8449913802,M,Valentetti,Durante,6,6,3,D,1923538098
9043577715,M,Petrenko,Edan,6,3,6,C,4184672698
1719258236,M,Limbrick,Waylon,4,1,8,D,3266671228
5818420388,M,Tembey,Holmes,3,5,5,B,3071816650
893827215,F,Sends,Meredithe,8,2,7,E,5044886246
3183246376,F,Boatswain,Zorine,8,7,4,E,7146779645
348439369,M,Worham,Warren,2,1,6,D,4450850947
7702537671,F,Melior,Hanni,9,3,8,E,8397275959
6876089568,F,Mangham,Latashia,7,2,3,C,4145714121
2431252566,F,Christophers,Sonny,0,0,5,B,4628028192
5213924360,M,Stanney,Lloyd,4,7,8,E,3393925342
4842979755,M,Render,Joe,6,9,5,B,9584481770
4692722738,M,Garrique,Prent,2,7,8,D,8128044109
4668194913,F,Ivanenko,Evelina,0,2,6,E,6433901638
6974908652,F,Smith,Arden,7,9,7,D,8798446304
2648039457,M,Fuge,Harman,7,4,6,B,8374684127
7804317662,F,Steele,Janelle,6,8,1,B,6147203053
7428151392,M,Beminster,Sayers,1,8,7,C,7025881511
6455161254,M,Southorn,Myles,6,3,4,B,7595343682
1388332701,F,Curston,Sarine,9,2,3,E,4981778643
8711429925,F,Gilloran,Wilmette,1,0,2,C,3432977336
1662298684,M,Kildale,Berny,0,8,7,E,4708113099
4106304694,M,Deniset,Moises,7,6,8,A,6617275233
2684162107,M,Macbeth,Cameron,3,6,4,D,2181024081
8249012844,M,Dart,Erny,0,1,6,B,3838670108
1526683288,F,Duxbury,Jordanna,9,6,7,B,5218843911
2121849025,M,Nunson,Nils,3,1,1,D,7287036681
4729926900,F,Arnowicz,Jocelyne,6,5,3,E,5841693654
7208728461,M,Van der Beken,Haily,2,6,4,A,2387653203
6975772673,F,Sessuns,Raven,1,1,8,B,5493378078
5062753228,M,Oultram,Hardy,3,8,7,D,812271629
9569352353,F,Wimbridge,Barbey,6,3,3,C,1594659532
3287208551,F,Cough,Arlyne,9,8,9,E,1164611658
4240746728,M,Pitkins,Tulley,8,8,1,A,6155537313
4740489635,F,Scrase,Cammi,4,9,7,A,8624143969
2789175039,M,Gringley,Abel,5,8,0,D,1321825099
5515624092,M,Ferenczi,Lothario,8,0,3,E,2485490627
2229632302,F,Ladel,Billye,7,8,6,D,6371207105
7529552139,F,Hathorn,Marj,4,5,9,E,2524102017
3718542331,F,Garden,Wileen,4,8,1,E,365589209
9254851248,F,Selly,Glenine,0,6,8,B,6135887513
2439716324,F,Bentzen,Chere,2,9,1,A,883766957
4033095853,M,Garroch,Ker,2,5,3,E,3009151330
9646584292,M,Ivison,Prescott,6,2,8,A,3794462289
1575038544,M,Backs,Zacharie,1,0,8,D,4801574645
1437371590,F,Mulchrone,Laurene,9,6,7,B,3581751712
8045359803,M,Faulds,Alva,8,4,3,D,7655373655
6743223484,F,Swinerd,Paulina,1,1,2,E,9107795777
6802199475,M,Saltman,Moe,2,4,0,C,5929961980
2889850439,M,Felton,Prinz,4,1,4,C,729203719
8771145176,F,Arbuckle,Josepha,4,9,5,A,7340392858
6013743614,F,Ubsdell,Odille,8,7,7,A,3577673354
4488763340,M,Fallen,Rupert,2,3,8,B,4544181569
8452491409,M,Kellet,Brendis,7,1,3,C,4497607259
6795082210,F,Fleckney,Adina,8,8,8,D,6492719573
5044035998,M,Karchowski,Wyatan,2,5,0,D,1264066082
6927680489,M,Camili,Lazaro,3,8,8,B,4532810671
3105837469,F,Syred,Aindrea,7,5,6,A,5518166206
9200991572,F,Greeveson,Isidora,2,9,5,E,948914718
8342498867,F,Weavill,Norina,1,5,7,D,2187211711
734567758,F,Goreisr,Dion,4,5,0,E,8153685295
3259274642,M,Rosenfeld,Andrus,5,6,1,E,176164995
2272306322,M,Mabone,Gage,6,1,7,B,9221655547
3752641541,F,Caldicot,Kelcy,5,4,1,A,1850118639
3272778012,F,Wiggall,Gerta,2,7,1,C,8601887686
1592088570,M,Lansdowne,Moise,6,1,2,D,7781951735
7784476582,M,Benny,Dino,5,8,4,A,3456997817
1982145668,F,Cadogan,Jessa,2,3,7,E,5478006327
2081717026,M,Asbery,Meade,6,8,9,C,684670097
3507331071,F,Toopin,Karolina,5,0,0,E,7682411333
7629244010,M,MacGillivrie,Putnam,6,8,6,B,3212024585
2496980302,F,Wick,Christen,8,8,1,B,4150745005
8848448674,M,Sibbert,Garey,6,3,8,C,716122928
